pdb_id,antibody,antigen,others
6NMV,HL,S,5
6OKM,HL,R,5
6LZ2,B,A,6
7E72,AB,E,6
7CJ2,CD,A,6
7E9B,HL,C,7
6SUZ,HL,C,7
6PE8,AB,U,7
6A3W,AB,C,7
6VEL,HL,C,7
7DAA,HL,A,7
6BFQ,HL,K,7
6BFS,HL,C,8
6DDM,AB,C,8
7B3O,HL,E,8
7S13,HL,C,8
6OSV,HL,K,8
6FLA,AB,G,8
6I9I,AB,C,9
6PHB,CD,I,9
6D2P,HL,C,9
6RP8,HL,C,9
6KS0,HL,A,9
6LYN,AB,C,9
6J6Y,BC,A,9
7KPG,HL,S,9
6O9H,HL,D,9
6BPC,BC,A,9
7LFA,HL,C,10
6NYQ,HL,C,10
6IEB,HL,A,10
6OHG,BC,A,10
7CE2,BZ,A,10
6ZTR,AB,J,11
6WM9,BC,A,11
6J5F,HL,A,11
7LSE,HL,E,11
6O39,AB,C,11
6RLO,AB,I,11
7SEG,HL,E,11
7CHZ,HL,I,11
7BSC,HL,A,11
6OY4,CD,A,11
7LFB,HL,C,12
6OTC,HL,A,12
6MLK,HL,A,12
6SVL,AB,C,12
7KET,AB,C,13
6R8X,BC,A,13
6KZ0,BC,A,13
6A77,HL,A,13
6PLK,HL,E,13