pdb_id,receptor_chains,ligand_chains
6NMV,HL,S
6OKM,HL,R
6LZ2,B,A
7E72,AB,E
7CJ2,CD,A
7E9B,HL,C
6SUZ,HL,C
6PE8,AB,U
6A3W,AB,C
6VEL,HL,C
7DAA,HL,A
6BFQ,HL,K
6BFS,HL,C
6DDM,AB,C
7B3O,HL,E
7S13,HL,C
6OSV,HL,K
6FLA,AB,G
6I9I,AB,C
6PHB,CD,I
6D2P,HL,C
6RP8,HL,C
6KS0,HL,A
6LYN,AB,C
6J6Y,BC,A
7KPG,HL,S
6O9H,HL,D
6BPC,BC,A
7LFA,HL,C
6NYQ,HL,C
6IEB,HL,A
6OHG,BC,A
7CE2,BZ,A
6ZTR,AB,J
6WM9,BC,A
6J5F,HL,A
7LSE,HL,E
6O39,AB,C
6RLO,AB,I
7SEG,HL,E
7CHZ,HL,I
7BSC,HL,A
6OY4,CD,A
7LFB,HL,C
6OTC,HL,A
6MLK,HL,A
6SVL,AB,C
7KET,AB,C
6R8X,BC,A
6KZ0,BC,A
6A77,HL,A
6PLK,HL,E
